jalon,nom,normalisation,k,perte,rmse,score,anticipation,fausses_alertes,regularisation,bruit,nb_entrees
1,"reference (MSE, regime, k=1)",regime,1,mse,30.998996102052413,7272.653309614647,1.0,0.0,,,
1,normalisation globale,globale,1,mse,14.223201909754689,2682.075098039683,1.0,0.0,L2+Dropout,,
1,regime (optimise),regime,1,mse,15.47546172891438,3815.555801455975,1.0,0.0,L2+Dropout,,
1,perte asymetrique,regime,1,asymetrique,19.033190186647992,2437.729800427128,1.0,0.0,,,
1,fenetre k=1,regime,1,mse,15.933540893922174,3283.506003172013,0.8333333333333334,0.0,,35.495513916015625,
1,fenetre k=5,regime,5,mse,16.797420595003313,4135.983138655306,0.6666666666666666,0.0,,36.20609664916992,
1,fenetre k=15,regime,15,mse,15.476565684227962,4323.64944908087,0.6666666666666666,0.0,,40.57288360595703,
1,fenetre k=30,regime,30,mse,15.88384440035991,4502.635121271785,0.8333333333333334,0.0,,41.308631896972656,
1,capteurs : 9 entrees (reference),regime,1,mse,16.01096568869613,3521.237732600337,0.7222222222222222,0.0,,,9.0
1,capteurs : 5 entrees (sans capteurs |r| < 0.09),regime,1,mse,14.570294296359757,2019.6009049873344,1.0,0.0,,,5.0
1,capteurs : 3 entrees (capteur_4 + capteur_5 + charge),regime,1,mse,13.500167136437662,1832.911536046404,1.0,0.0,,,3.0
